<linker>
  <assembly fullname="Unity.Addressables, Version=0.0.0.0, Culture=neutral, PublicKeyToken=null" preserve="all">
    <type fullname="UnityEngine.AddressableAssets.Addressables" preserve="all" />
  </assembly>
  <assembly fullname="Unity.Localization, Version=0.0.0.0, Culture=neutral, PublicKeyToken=null">
    <type fullname="UnityEngine.Localization.Locale" preserve="all" />
    <type fullname="UnityEngine.Localization.Settings.LocalizationSettings" preserve="all" />
    <type fullname="UnityEngine.Localization.Tables.SharedTableData" preserve="all" />
    <type fullname="UnityEngine.Localization.Tables.StringTable" preserve="all" />
    <type fullname="UnityEngine.Localization.LocaleIdentifier" preserve="nothing" serialized="true" />
    <type fullname="UnityEngine.Localization.Metadata.MetadataCollection" preserve="nothing" serialized="true" />
    <type fullname="UnityEngine.Localization.Tables.TableEntryData" preserve="nothing" serialized="true" />
    <type fullname="UnityEngine.Localization.Tables.DistributedUIDGenerator" preserve="nothing" serialized="true" />
    <type fullname="UnityEngine.Localization.Tables.SharedTableData/SharedTableEntry" preserve="nothing" serialized="true" />
    <type fullname="UnityEngine.Localization.Settings.CommandLineLocaleSelector" preserve="nothing" serialized="true" />
    <type fullname="UnityEngine.Localization.Settings.LocalesProvider" preserve="nothing" serialized="true" />
    <type fullname="UnityEngine.Localization.Settings.LocalizedAssetDatabase" preserve="nothing" serialized="true" />
    <type fullname="UnityEngine.Localization.Settings.LocalizedStringDatabase" preserve="nothing" serialized="true" />
    <type fullname="UnityEngine.Localization.Settings.SpecificLocaleSelector" preserve="nothing" serialized="true" />
    <type fullname="UnityEngine.Localization.Settings.SystemLocaleSelector" preserve="nothing" serialized="true" />
    <type fullname="UnityEngine.Localization.SmartFormat.Core.Parsing.Parser" preserve="nothing" serialized="true" />
    <type fullname="UnityEngine.Localization.SmartFormat.Core.Settings.SmartSettings" preserve="nothing" serialized="true" />
    <type fullname="UnityEngine.Localization.SmartFormat.Extensions.ChooseFormatter" preserve="nothing" serialized="true" />
    <type fullname="UnityEngine.Localization.SmartFormat.Extensions.ConditionalFormatter" preserve="nothing" serialized="true" />
    <type fullname="UnityEngine.Localization.SmartFormat.Extensions.DefaultFormatter" preserve="nothing" serialized="true" />
    <type fullname="UnityEngine.Localization.SmartFormat.Extensions.DefaultSource" preserve="nothing" serialized="true" />
    <type fullname="UnityEngine.Localization.SmartFormat.Extensions.DictionarySource" preserve="nothing" serialized="true" />
    <type fullname="UnityEngine.Localization.SmartFormat.Extensions.IsMatchFormatter" preserve="nothing" serialized="true" />
    <type fullname="UnityEngine.Localization.SmartFormat.Extensions.ListFormatter" preserve="nothing" serialized="true" />
    <type fullname="UnityEngine.Localization.SmartFormat.Extensions.PersistentVariablesSource" preserve="nothing" serialized="true" />
    <type fullname="UnityEngine.Localization.SmartFormat.Extensions.PluralLocalizationFormatter" preserve="nothing" serialized="true" />
    <type fullname="UnityEngine.Localization.SmartFormat.Extensions.ReflectionSource" preserve="nothing" serialized="true" />
    <type fullname="UnityEngine.Localization.SmartFormat.Extensions.SubStringFormatter" preserve="nothing" serialized="true" />
    <type fullname="UnityEngine.Localization.SmartFormat.Extensions.TimeFormatter" preserve="nothing" serialized="true" />
    <type fullname="UnityEngine.Localization.SmartFormat.Extensions.ValueTupleSource" preserve="nothing" serialized="true" />
    <type fullname="UnityEngine.Localization.SmartFormat.Extensions.XElementFormatter" preserve="nothing" serialized="true" />
    <type fullname="UnityEngine.Localization.SmartFormat.Extensions.XmlSource" preserve="nothing" serialized="true" />
    <type fullname="UnityEngine.Localization.SmartFormat.SmartFormatter" preserve="nothing" serialized="true" />
  </assembly>
  <assembly fullname="Unity.ResourceManager, Version=0.0.0.0, Culture=neutral, PublicKeyToken=null" preserve="all">
    <type fullname="UnityEngine.ResourceManagement.ResourceProviders.AssetBundleProvider" preserve="all" />
    <type fullname="UnityEngine.ResourceManagement.ResourceProviders.BundledAssetProvider" preserve="all" />
    <type fullname="UnityEngine.ResourceManagement.ResourceProviders.InstanceProvider" preserve="all" />
    <type fullname="UnityEngine.ResourceManagement.ResourceProviders.SceneProvider" preserve="all" />
  </assembly>
  <assembly fullname="UnityEngine.CoreModule, Version=0.0.0.0, Culture=neutral, PublicKeyToken=null">
    <type fullname="UnityEngine.Object" preserve="all" />
  </assembly>
</linker>